{
	"submitted": false,
	"realname": "真实姓名",
	"gender": "female",
	"nationality": "china",
	"graduated": false,
	"degree": [
		{
			"level": "0",
			"school": "aaa",
			"major": "aaa",
			"time": "aaa",
			"now": false,
			"cnum": "1234567",
			"cert": {
				"status": "0",
				"image": "images/cert.jpg",
				"time": "xxxxxxxx"
			}
		},
	],
	"liveplace": {
		"country": "china",
		"region": "fujian",
		"city": "xiamen"
	},
	"email": "email@qq.com",
	"knowus": {
		"way": "0",
		"name": "icy",
		"id": "1234567",
		"other": "other infomation"
	},
	"card": {
		"type": "0",
		"num": "000000000"
	}
}