[{
    "type": "0",
    "avaliable": true,
    "price": "1234",
    "aveprice": "321",
    "getNum": "1",
    "uplimit": "123",
    "lowlimit": "1"
},{
    "type": "1",
    "avaliable": true,
    "price": "1234",
    "aveprice": "321",
    "getNum": "1",
    "uplimit": "123",
    "lowlimit": "1"
}, {
    "type": "2",
    "avaliable": true,
    "price": "1234",
    "aveprice": "321",
    "getNum": "1",
    "uplimit": "123",
    "lowlimit": "1"
}, {
    "type": "3",
    "avaliable": true,
    "price": "1234",
    "aveprice": "321",
    "getNum": "1",
    "uplimit": "123",
    "lowlimit": "1"
}, {
    "type": "4",
    "avaliable": true,
    "price": "1234",
    "aveprice": "321",
    "getNum": "1",
    "uplimit": "123",
    "lowlimit": "1"
}, {
    "type": "5",
    "avaliable": true,
    "price": "1234",
    "aveprice": "321",
    "getNum": "1",
    "uplimit": "123",
    "lowlimit": "1"
}, {
    "type": "6",
    "avaliable": true,
    "price": "1234",
    "aveprice": "321",
    "getNum": "1",
    "uplimit": "123",
    "lowlimit": "1"
}, {
    "type": "7",
    "avaliable": true,
    "price": "1234",
    "aveprice": "321",
    "getNum": "1",
    "uplimit": "123",
    "lowlimit": "1"
}, {
    "type": "8",
    "avaliable": true,
    "price": "1234",
    "aveprice": "321",
    "getNum": "1",
    "uplimit": "123",
    "lowlimit": "1"
}, {
    "type": "9",
    "avaliable": true,
    "price": "1234",
    "aveprice": "321",
    "getNum": "1",
    "uplimit": "123",
    "lowlimit": "1"
}, {
    "type": "10",
    "avaliable": true,
    "price": "1234",
    "aveprice": "321",
    "getNum": "1",
    "uplimit": "123",
    "lowlimit": "1"
}, {
    "type": "11",
    "avaliable": true,
    "price": "1234",
    "aveprice": "321",
    "getNum": "1",
    "uplimit": "123",
    "lowlimit": "1"
}]
