[
	{
		"partner": "a",
		"service": "1",
		"amount": "1000",
		"date": "2016-03-10"
	},{
		"partner": "b",
		"service": "1",
		"amount": "1000",
		"date": "2016-03-10"
	},{
		"partner": "c",
		"service": "1",
		"amount": "1000",
		"date": "2016-03-10"
	},{
		"partner": "ad",
		"service": "1",
		"amount": "1000",
		"date": "2016-03-10"
	},{
		"partner": "af",
		"service": "1",
		"amount": "1000",
		"date": "2016-03-10"
	},{
		"partner": "ae",
		"service": "1",
		"amount": "1000",
		"date": "2016-03-10"
	}
]