[
	{
		"id": "92111181",
		"time": "2016年01月13日22:56:56",
		"service": "服务内容",
		"num": "数量",
		"price": {
			"status": true,
			"current": "价格(当前)",
			"old": "价格(修改前)",
			"time": "价格修改时间"
		},
		"status": 0,
		"buyer": {
			"name": "买家姓名",
			"images": "images/user.jpg",
			"nationality": "国籍",
			"gender": "性别",
			"degree": "学历",
			"intention": "留学意向"
		}
	},
	{
		"id": "92111181",
		"time": "2016年01月13日22:56:56",
		"service": "服务内容",
		"num": "数量",
		"price": {
			"status": false,
			"current": "价格(当前)"
		},
		"status": 1,
		"buyer": {
			"name": "买家姓名",
			"images": "images/user.jpg",
			"nationality": "国籍",
			"gender": "性别",
			"degree": "学历",
			"intention": "留学意向"
		}
	},
	{
		"id": "92111181",
		"time": "2016年01月13日22:56:56",
		"service": "服务内容",
		"num": "数量",
		"price": {
			"status": false,
			"current": "价格(当前)"
		},
		"status": "2",
		"buyer": {
			"name": "买家姓名",
			"images": "images/user.jpg",
			"nationality": "国籍",
			"gender": "性别",
			"degree": "学历",
			"intention": "留学意向"
		}
	},
	{
		"id": "92111181",
		"time": "2016年01月13日22:56:56",
		"service": "服务内容",
		"num": "数量",
		"price": {
			"status": false,
			"current": "价格(当前)"
		},
		"status": "3",
		"buyer": {
			"name": "买家姓名",
			"images": "images/user.jpg",
			"nationality": "国籍",
			"gender": "性别",
			"degree": "学历",
			"intention": "留学意向"
		}
	}
]